Workbook

Sheet Quiebres
A1: QUIEBRE de art importados
H3: 8 | N3: Ultimos tres meses de ventas
A4: Cod Art | B4: Marca | C4: Proveedor | D4: Descripcion | E4: FOB | F4: Total FOB | G4: Genera Pedido | H4: Maximo Determinado | I4: Total Stock | J4: Meses | K4: Stock Actual | L4: Pedido en Curso | M4: Est Madre | N4: May 26 Uni | O4: Abr 26 Uni | P4: Mzo 26 Uni | Q4: Observaciones
A5: 951E | B5: LK | C5: Becky 1 | D5: Espatula lisa Silic Mgo Bambú | E5: 0.49 | G5: =IF((+H5-I5)<0,"",+H5-I5) -> 1116 | H5: =+$H$3*M5 -> 3360 | I5: =+K5+L5 -> 2244 | J5: =+I5/M5 -> 5.3428571 | K5: 228 | L5: 2016 | M5: 420 | N5: 432 | O5: 216 | P5: 72
A7: 438E | B7: LK | C7: Fujian | D7: Colador 20cm ac. inox. | E7: 0.78 | G7: =IF((+H7-I7)<0,"",+H7-I7) -> 2400 | H7: =+$H$3*M7 -> 2688 | I7: =+K7+L7 -> 288 | J7: =+I7/M7 -> 0.85714286 | K7: 288 | L7: 0 | M7: 336 | N7: 96 | O7: 984 | P7: 0
A8: 440E | B8: LK | C8: Fujian | D8: Colador Extensible Ac. Inox. | E8: 4.26 | G8: =IF((+H8-I8)<0,"",+H8-I8) -> 840 | H8: =+$H$3*M8 -> 960 | I8: =+K8+L8 -> 120 | J8: =+I8/M8 -> 1 | K8: 120 | L8: 0 | M8: 120 | N8: 56 | O8: 52 | P8: 80
A9: 035E | B9: LK | C9: Fujian | D9: Cernidor Harina Ac. Inox. | E9: 0.85 | G9: =IF((+H9-I9)<0,"",+H9-I9) -> 1344 | H9: =+$H$3*M9 -> 1920 | I9: =+K9+L9 -> 576 | J9: =+I9/M9 -> 2.4 | K9: 576 | L9: 0 | M9: 240 | N9: 132 | O9: 324 | P9: 384
A11: 529E | B11: LK | C11: Hugo Wong | D11: Sac. Doble Impulso Acero | E11: 0.465 | G11: =IF((+H11-I11)<0,"",+H11-I11) -> 11596 | H11: =+$H$3*M11 -> 35200 | I11: =+K11+L11 -> 23604 | J11: =+I11/M11 -> 5.3645455 | K11: 2868 | L11: 20736 | M11: 4400 | N11: 3492 | O11: 2208 | P11: 7140
A12: 522E | B12: LK | C12: Hugo Wong | D12: Sac. Doble Aleta Premium | E12: 1.4 | G12: =IF((+H12-I12)<0,"",+H12-I12) -> 2880 | H12: =+$H$3*M12 -> 7200 | I12: =+K12+L12 -> 4320 | J12: =+I12/M12 -> 4.8 | K12: 2280 | L12: 2040 | M12: 900 | N12: 132 | O12: 756 | P12: 1536
A13: 102E | B13: Loke | C13: Hugo Wong | D13: Abr Mariposa Loke | E13: 0.38 | G13: =IF((+H13-I13)<0,"",+H13-I13) -> 16580 | H13: =+$H$3*M13 -> 32000 | I13: =+K13+L13 -> 15420 | J13: =+I13/M13 -> 3.855 | K13: 6060 | L13: 9360 | M13: 4000 | N13: 2280 | O13: 4260 | P13: 2580 | Q13: (se reenvaso para 702EN - esp. Walmart)
A14: 323E | B14: LK | C14: Hugo Wong | D14: Rallador 4 Lados Mini | E14: 0.225 | G14: =IF((+H14-I14)<0,"",+H14-I14) -> 4400 | H14: =+$H$3*M14 -> 6400 | I14: =+K14+L14 -> 2000 | J14: =+I14/M14 -> 2.5 | K14: 0 | L14: 2000 | M14: 800 | N14: 108 | O14: 180 | P14: 504
A16: 865E | B16: CH | C16: Kangli | D16: Rallador plano a/I 3 usos | G16: =IF((+H16-I16)<0,"",+H16-I16) -> 576 | H16: =+$H$3*M16 -> 960 | I16: =+K16+L16 -> 384 | J16: =+I16/M16 -> 3.2 | K16: 384 | L16: 0 | M16: 120 | N16: 12 | O16: 0 | P16: 0 | Q16: lo lleva Dorinka (se tomo 865E+ED)
A17: 360E | B17: LK | C17: Kangli | D17: Rallador 4 Lados A/L Mgo Plast | G17: =IF((+H17-I17)<0,"",+H17-I17) -> 3348 | H17: =+$H$3*M17 -> 3744 | I17: =+K17+L17 -> 396 | J17: =+I17/M17 -> 0.84615385 | K17: 396 | L17: 0 | M17: 468 | N17: 336 | O17: 468 | P17: 432 | Q17: me parece que dijiste que no te gustaba
A18: 328E | B18: LK | C18: Kangli | D18: Rallador Plano 3 Usos Ac Inox | G18: =IF((+H18-I18)<0,"",+H18-I18) -> 1344 | H18: =+$H$3*M18 -> 3360 | I18: =+K18+L18 -> 2016 | J18: =+I18/M18 -> 4.8 | K18: 0 | L18: 2016 | M18: 420 | N18: 336 | O18: 420 | P18: 732
A20: 733E | B20: CH | C20: Ownland | D20: Sacacorcho doble impulso pint. | G20: =IF((+H20-I20)<0,"",+H20-I20) -> 6336 | H20: =+$H$3*M20 -> 6336 | I20: =+K20+L20 -> 0 | J20: =+I20/M20 -> 0 | K20: 0 | L20: 0 | M20: 792 | N20: 0 | O20: 0 | P20: 0 | Q20: discontinuo
A21: 692E | B21: CH | C21: Ownland | D21: Pelador "v" horizontal | G21: =IF((+H21-I21)<0,"",+H21-I21) -> 1920 | H21: =+$H$3*M21 -> 1920 | I21: =+K21+L21 -> 0 | J21: =+I21/M21 -> 0 | K21: 0 | L21: 0 | M21: 240 | N21: 0 | O21: 0 | P21: 0 | Q21: discontinuo
A22: 727E | B22: CH | C22: Ownland | D22: Sacacorcho Doble Imp. Ac x12 | G22: =IF((+H22-I22)<0,"",+H22-I22) -> 1920 | H22: =+$H$3*M22 -> 1920 | I22: =+K22+L22 -> 0 | J22: =+I22/M22 -> 0 | K22: 0 | L22: 0 | M22: 240 | N22: 372 | O22: 1452 | P22: 468 | Q22: se compraba
A23: 877E | B23: CH | C23: Ownland | D23: Corta Pizza Mgo Ergonomico  6 | G23: =IF((+H23-I23)<0,"",+H23-I23) -> 1632 | H23: =+$H$3*M23 -> 1632 | I23: =+K23+L23 -> 0 | J23: =+I23/M23 -> 0 | K23: 0 | L23: 0 | M23: 204 | N23: 252 | O23: 240 | P23: 0 | Q23: discontinuo (se le vende a Dorinka)
A24: 729E | B24: CH | C24: Ownland | D24: Sac. doble aleta fundicion | G24: =IF((+H24-I24)<0,"",+H24-I24) -> 2112 | H24: =+$H$3*M24 -> 2208 | I24: =+K24+L24 -> 96 | J24: =+I24/M24 -> 0.34782609 | K24: 96 | L24: 0 | M24: 276 | N24: 96 | O24: 60 | P24: 144 | Q24: se compraba
A25: 580E | B25: LK | C25: Ownland | D25: Batidor Mini | G25: =IF((+H25-I25)<0,"",+H25-I25) -> 4908 | H25: =+$H$3*M25 -> 5472 | I25: =+K25+L25 -> 564 | J25: =+I25/M25 -> 0.8245614 | K25: 564 | L25: 0 | M25: 684 | N25: 696 | O25: 960 | P25: 996 | Q25: + barato nacional
A26: 525E | B26: LK | C26: Ownland | D26: Sacacorcho Cabo De Madera | G26: =IF((+H26-I26)<0,"",+H26-I26) -> 9432 | H26: =+$H$3*M26 -> 14400 | I26: =+K26+L26 -> 4968 | J26: =+I26/M26 -> 2.76 | K26: 1800 | L26: 3168 | M26: 1800 | N26: 576 | O26: 1344 | P26: 2472 | Q26: mayor consumo (megashop)
A27: 585E | B27: LK | C27: Ownland | D27: Sac. Doble Aleta Fundicion | G27: =IF((+H27-I27)<0,"",+H27-I27) -> 5412 | H27: =+$H$3*M27 -> 9600 | I27: =+K27+L27 -> 4188 | J27: =+I27/M27 -> 3.49 | K27: 4188 | L27: 0 | M27: 1200 | N27: 516 | O27: 1140 | P27: 1452 | Q27: mayor consumo (megashop/Jumbo)
A28: 809E | B28: LK | C28: Ownland | D28: Corta pizza familiar | G28: =IF((+H28-I28)<0,"",+H28-I28) -> 936 | H28: =+$H$3*M28 -> 2304 | I28: =+K28+L28 -> 1368 | J28: =+I28/M28 -> 4.75 | K28: 1368 | L28: 0 | M28: 288 | N28: 288 | O28: 216 | P28: 324
A29: 809E | B29: LK | C29: Ownland | D29: CORTA QUESO x 12 | G29: =IF((+H29-I29)<0,"",+H29-I29) -> 5040 | H29: =+$H$3*M29 -> 13440 | I29: =+K29+L29 -> 8400 | J29: =+I29/M29 -> 5 | K29: 4368 | L29: 4032 | M29: 1680 | N29: 1248 | O29: 948 | P29: 744
A30: 819E | B30: LK | C30: Ownland | D30: Sacacorcho "Fish" Grande | G30: =IF((+H30-I30)<0,"",+H30-I30) -> 1776 | H30: =+$H$3*M30 -> 4800 | I30: =+K30+L30 -> 3024 | J30: =+I30/M30 -> 5.04 | K30: 3024 | L30: 0 | M30: 600 | N30: 396 | O30: 516 | P30: 1248
A31: 702E | B31: CH | C31: Ownland | D31: Abrelata mariposa. | G31: =IF((+H31-I31)<0,"",+H31-I31) -> 2976 | H31: =+$H$3*M31 -> 9600 | I31: =+K31+L31 -> 6624 | J31: =+I31/M31 -> 5.52 | K31: 0 | L31: 6624 | M31: 1200 | N31: 0 | O31: 1620 | P31: 1068
A32: 817E | B32: LK | C32: Ownland | D32: Rallador C/Mgo Ergonomico | G32: =IF((+H32-I32)<0,"",+H32-I32) -> 876 | H32: =+$H$3*M32 -> 3360 | I32: =+K32+L32 -> 2484 | J32: =+I32/M32 -> 5.9142857 | K32: 2484 | L32: 0 | M32: 420 | N32: 96 | O32: 252 | P32: 420
A34: 590ES | B34: LK | C34: Zhixin | D34: Pincel Silicona 11 Gms Suelto | G34: =IF((+H34-I34)<0,"",+H34-I34) -> 732 | H34: =+$H$3*M34 -> 960 | I34: =+K34+L34 -> 228 | J34: =+I34/M34 -> 1.9 | K34: 228 | L34: 0 | M34: 120 | N34: 0 | O34: 0 | P34: 84
A35: 890E | B35: CH | C35: Zhixin | D35: Pincel Silicona 11 Gms | G35: =IF((+H35-I35)<0,"",+H35-I35) -> 1524 | H35: =+$H$3*M35 -> 2016 | I35: =+K35+L35 -> 492 | J35: =+I35/M35 -> 1.952381 | K35: 492 | L35: 0 | M35: 252 | N35: 0 | O35: 72 | P35: 36
A36: 590+890 | G36: =+SUM(G34:G35) -> 2256 | H36: =+SUM(H34:H35) -> 2976 | I36: =+SUM(I34:I35) -> 720 | J36: =+SUM(J34:J35) -> 3.852381 | K36: =+SUM(K34:K35) -> 720 | L36: =+SUM(L34:L35) -> 0 | M36: =+SUM(M34:M35) -> 372 | N36: =+SUM(N34:N35) -> 0 | ... P36: =+SUM(P34:P35) -> 120 | Q36: todo junto
A37: 582E | B37: LK | C37: Zhixin | D37: Salero | G37: =IF((+H37-I37)<0,"",+H37-I37) -> 16920 | H37: =+$H$3*M37 -> 27456 | I37: =+K37+L37 -> 10536 | J37: =+I37/M37 -> 3.0699301 | K37: 10536 | L37: 0 | M37: 3432 | N37: 3096 | O37: 3384 | P37: 1728 | Q37: mayor consumo (Coto)
A38: 566E | B38: LK | C38: Zhixin | D38: Aceitera 100 ml | G38: =IF((+H38-I38)<0,"",+H38-I38) -> 2196 | H38: =+$H$3*M38 -> 3840 | I38: =+K38+L38 -> 1644 | J38: =+I38/M38 -> 3.425 | K38: 1644 | L38: 0 | M38: 480 | N38: 360 | O38: 630 | P38: 708
A39: 583E | B39: LK | C39: Zhixin | D39: Especiero Doble Boqui | G39: =IF((+H39-I39)<0,"",+H39-I39) -> 7243 | H39: =+$H$3*M39 -> 15448 | I39: =+K39+L39 -> 8205 | J39: =+I39/M39 -> 4.2490937 | K39: 8205 | L39: 0 | M39: 1931 | N39: 1875 | O39: 2535 | P39: 2445

Sheet Todos
A1: QUIEBRE de art importados
B2: No esta en Cotizador/ Art Nuevo o Discontinuo
B3: Partes | E3: Becky | F3: =+SUM(F5:F66) -> 0 | I3: 8 | O3: Ultimos tres meses de ventas
A4: Cod Art | B4: Marca | C4: Proveedor | D4: Descripcion | E4: FOB Uni | F4: Total FOB | G4: Genera Pedido | H4: Pedido Manual | I4: Maximo Determinado | J4: Meses | K4: Stock Actual | L4: Pedido en Curso | M4: Total Stock | N4: Est Madre | O4: May 26 Uni | P4: Abr 26 Uni | Q4: Mzo 26 Uni | R4: Observaciones | S4: Cotizador
A5: 951E | B5: LK | C5: Becky 1 | D5: Espatula lisa Silic Mgo Bambú | E5: 0.49 | F5: =+E5*IF(ISNUMBER(H5),H5,G5) -> 0 | G5: =IF((+I5-M5)<0,0,+I5-M5) -> 0 | H5: 0 | I5: =+$I$3*N5 -> 3360 | J5: =IFERROR(+M5/N5,"") -> 8.0571429 | K5: =+IF(B5<>"CH",IFERROR(VLOOKUP(A5,'Stock Loeke'!A:G,7,),),)+IF(B5="CH",IFERROR(VLOOKUP(A5,'Stock Chef'!A:J,10,),0),0) -> 216 | L5: =2016+1152 -> 3168 | M5: =+K5+L5 -> 3384 | N5: 420 | O5: 432 | P5: 216 | Q5: 72 | R5: Agregar al pedido en curso | S5: 951E
A6: 970E | B6: LK | C6: Becky 2 | D6: Cuchara Silicona Mgo. Plastico | E6: 0.44 | F6: =+E6*IF(ISNUMBER(H6),H6,G6) -> 0 | G6: =IF((+I6-M6)<0,0,+I6-M6) -> 528 | H6: 0 | I6: =+$I$3*N6 -> 2112 | J6: =IFERROR(+M6/N6,"") -> 6 | K6: =+IF(B6<>"CH",IFERROR(VLOOKUP(A6,'Stock Loeke'!A:G,7,),),)+IF(B6="CH",IFERROR(VLOOKUP(A6,'Stock Chef'!A:J,10,),0),0) -> 576 | L6: 1008 | M6: =+K6+L6 -> 1584 | N6: 264 | O6: 864 | P6: 180 | Q6: 168 | R6: =IFERROR(+VLOOKUP(A6,Quiebres!A:Q,17,0),"") | S6: 970E
A7: 936E | B7: LK | C7: Becky 1 | D7: Espumadera Nylon Mgo Madera | E7: 0.53 | F7: =+E7*IF(ISNUMBER(H7),H7,G7) -> 0 | G7: =IF((+I7-M7)<0,0,+I7-M7) -> 576 | H7: 0 | I7: =+$I$3*N7 -> 2400 | J7: =IFERROR(+M7/N7,"") -> 6.08 | K7: =+IF(B7<>"CH",IFERROR(VLOOKUP(A7,'Stock Loeke'!A:G,7,),),)+IF(B7="CH",IFERROR(VLOOKUP(A7,'Stock Chef'!A:J,10,),0),0) -> 816 | L7: 1008 | M7: =+K7+L7 -> 1824 | N7: 300 | O7: 420 | P7: 180 | Q7: 336 | R7: =IFERROR(+VLOOKUP(A7,Quiebres!A:Q,17,0),"") | S7: 936E
A8: 952E | B8: LK | C8: Becky 1 | D8: Cuchara Silicona Mgo Bambú | E8: 0.49 | F8: =+E8*IF(ISNUMBER(H8),H8,G8) -> 0 | G8: =IF((+I8-M8)<0,0,+I8-M8) -> 740 | H8: 0 | I8: =+$I$3*N8 -> 3200 | J8: =IFERROR(+M8/N8,"") -> 6.15 | K8: =+IF(B8<>"CH",IFERROR(VLOOKUP(A8,'Stock Loeke'!A:G,7,),),)+IF(B8="CH",IFERROR(VLOOKUP(A8,'Stock Chef'!A:J,10,),0),0) -> 12 | L8: 2448 | M8: =+K8+L8 -> 2460 | N8: 400 | O8: 504 | P8: 228 | Q8: 144 | R8: =IFERROR(+VLOOKUP(A8,Quiebres!A:Q,17,0),"") | S8: 952E
A9: 992E | B9: LK | C9: Becky | D9: Batidor Pera Mgo Acacia | E9: 0.61 | F9: =+E9*IF(ISNUMBER(H9),H9,G9) -> 0 | G9: =IF((+I9-M9)<0,0,+I9-M9) -> 0 | H9: 0 | I9: =+$I$3*N9 -> 576 | J9: =IFERROR(+M9/N9,"") -> 8 | K9: =+IF(B9<>"CH",IFERROR(VLOOKUP(A9,'Stock Loeke'!A:G,7,),),)+IF(B9="CH",IFERROR(VLOOKUP(A9,'Stock Chef'!A:J,10,),0),0) -> 0 | L9: 576 | M9: =+K9+L9 -> 576 | N9: 72 | O9: 0 | P9: 72 | Q9: 36
A10: 999E | B10: LK | C10: Becky | D10: Pica Ajo Mgo Acacia | E10: 1.27 | F10: =+E10*IF(ISNUMBER(H10),H10,G10) -> 0 | G10: =IF((+I10-M10)<0,0,+I10-M10) -> 0 | H10: 0 | I10: =+$I$3*N10 -> 576 | J10: =IFERROR(+M10/N10,"") -> 8 | K10: =+IF(B10<>"CH",IFERROR(VLOOKUP(A10,'Stock Loeke'!A:G,7,),),)+IF(B10="CH",IFERROR(VLOOKUP(A10,'Stock Chef'!A:J,10,),0),0) -> 0 | L10: 576 | M10: =+K10+L10 -> 576 | N10: 72 | O10: 0 | P10: 72 | Q10: 48
A11: 993E | B11: LK | C11: Becky | D11: Pelador V Mgo Acacia | E11: 0.6 | F11: =+E11*IF(ISNUMBER(H11),H11,G11) -> 0 | G11: =IF((+I11-M11)<0,0,+I11-M11) -> 0 | H11: 0 | I11: =+$I$3*N11 -> 480 | J11: =IFERROR(+M11/N11,"") -> 9.6 | K11: =+IF(B11<>"CH",IFERROR(VLOOKUP(A11,'Stock Loeke'!A:G,7,),),)+IF(B11="CH",IFERROR(VLOOKUP(A11,'Stock Chef'!A:J,10,),0),0) -> 0 | L11: 576 | M11: =+K11+L11 -> 576 | N11: 60 | O11: 0 | P11: 60 | Q11: 24
A12: 994E | B12: LK | C12: Becky | D12: Pelador Mgo Acacia | E12: 0.52 | F12: =+E12*IF(ISNUMBER(H12),H12,G12) -> 0 | G12: =IF((+I12-M12)<0,0,+I12-M12) -> 0 | H12: 0 | I12: =+$I$3*N12 -> 480 | J12: =IFERROR(+M12/N12,"") -> 9.6 | K12: =+IF(B12<>"CH",IFERROR(VLOOKUP(A12,'Stock Loeke'!A:G,7,),),)+IF(B12="CH",IFERROR(VLOOKUP(A12,'Stock Chef'!A:J,10,),0),0) -> 0 | L12: 576 | M12: =+K12+L12 -> 576 | N12: 60 | O12: 0 | P12: 60 | Q12: 24
A13: 997E | B13: LK | C13: Becky | D13: Rallador 3 Usos Mgo Acacia | E13: 0.61 | F13: =+E13*IF(ISNUMBER(H13),H13,G13) -> 0 | G13: =IF((+I13-M13)<0,0,+I13-M13) -> 0 | H13: 0 | I13: =+$I$3*N13 -> 480 | J13: =IFERROR(+M13/N13,"") -> 9.6 | K13: =+IF(B13<>"CH",IFERROR(VLOOKUP(A13,'Stock Loeke'!A:G,7,),),)+IF(B13="CH",IFERROR(VLOOKUP(A13,'Stock Chef'!A:J,10,),0),0) -> 0 | L13: 576 | M13: =+K13+L13 -> 576 | N13: 60 | O13: 0 | P13: 60 | Q13: 24
A14: 998E | B14: LK | C14: Becky | D14: Abrelatas Doble Engranaje Mgo | E14: 1.36 | F14: =+E14*IF(ISNUMBER(H14),H14,G14) -> 0 | G14: =IF((+I14-M14)<0,0,+I14-M14) -> 0 | H14: 0 | I14: =+$I$3*N14 -> 480 | J14: =IFERROR(+M14/N14,"") -> 9.6 | K14: =+IF(B14<>"CH",IFERROR(VLOOKUP(A14,'Stock Loeke'!A:G,7,),),)+IF(B14="CH",IFERROR(VLOOKUP(A14,'Stock Chef'!A:J,10,),0),0) -> 0 | L14: 576 | M14: =+K14+L14 -> 576 | N14: 60 | O14: 0 | P14: 60 | Q14: 24
A15: 990E | B15: LK | C15: Becky | D15: Corta Ravioles Mgo Acacia | E15: 0.56 | F15: =+E15*IF(ISNUMBER(H15),H15,G15) -> 0 | G15: =IF((+I15-M15)<0,0,+I15-M15) -> 0 | H15: 0 | I15: =+$I$3*N15 -> 288 | J15: =IFERROR(+M15/N15,"") -> 16 | K15: =+IF(B15<>"CH",IFERROR(VLOOKUP(A15,'Stock Loeke'!A:G,7,),),)+IF(B15="CH",IFERROR(VLOOKUP(A15,'Stock Chef'!A:J,10,),0),0) -> 0 | L15: 576 | M15: =+K15+L15 -> 576 | N15: 36 | O15: 0 | P15: 36 | Q15: 24
A16: 996E | B16: LK | C16: Becky | D16: Corta Pizza 9cm Mgo Acacia | E16: 0.71 | F16: =+E16*IF(ISNUMBER(H16),H16,G16) -> 0 | G16: =IF((+I16-M16)<0,0,+I16-M16) -> 0 | H16: 0 | I16: =+$I$3*N16 -> 192 | J16: =IFERROR(+M16/N16,"") -> 24 | K16: =+IF(B16<>"CH",IFERROR(VLOOKUP(A16,'Stock Loeke'!A:G,7,),),)+IF(B16="CH",IFERROR(VLOOKUP(A16,'Stock Chef'!A:J,10,),0),0) -> 0 | L16: 576 | M16: =+K16+L16 -> 576 | N16: 24 | O16: 0 | P16: 24 | Q16: 24
A17: 606E | B17: LK | C17: Becky 1 | D17: Pinza 30 cm Ac Inox c/ Silic | E17: 0.56 | F17: =+E17*IF(ISNUMBER(H17),H17,G17) -> 0 | G17: =IF((+I17-M17)<0,0,+I17-M17) -> 288 | H17: 0 | I17: =+$I$3*N17 -> 2880 | J17: =IFERROR(+M17/N17,"") -> 7.2 | K17: =+IF(B17<>"CH",IFERROR(VLOOKUP(A17,'Stock Loeke'!A:G,7,),),)+IF(B17="CH",IFERROR(VLOOKUP(A17,'Stock Chef'!A:J,10,),0),0) -> 1032 | L17: 1560 | M17: =+K17+L17 -> 2592 | N17: 360 | O17: 300 | P17: 228 | Q17: 456 | R17: =IFERROR(+VLOOKUP(A17,Quiebres!A:Q,17,0),"") | S17: 606E
A18: 607E | B18: LK | C18: Becky 1 | D18: Pinza Hielo 15 cm | E18: 0.26 | F18: =+E18*IF(ISNUMBER(H18),H18,G18) -> 0 | G18: =IF((+I18-M18)<0,0,+I18-M18) -> 540 | H18: 0 | I18: =+$I$3*N18 -> 7200 | J18: =IFERROR(+M18/N18,"") -> 7.4 | K18: =+IF(B18<>"CH",IFERROR(VLOOKUP(A18,'Stock Loeke'!A:G,7,),),)+IF(B18="CH",IFERROR(VLOOKUP(A18,'Stock Chef'!A:J,10,),0),0) -> 5220 | L18: 1440 | M18: =+K18+L18 -> 6660 | N18: 900 | O18: 144 | P18: 288 | Q18: 816 | R18: =IFERROR(+VLOOKUP(A18,Quiebres!A:Q,17,0),"") | S18: 607E
A19: 941E | B19: LK | C19: Becky 2 | D19: Espatula Lisa Ac. Inox | E19: 0.66 | F19: =+E19*IF(ISNUMBER(H19),H19,G19) -> 0 | G19: =IF((+I19-M19)<0,0,+I19-M19) -> 128 | H19: 0 | I19: =+$I$3*N19 -> 3200 | J19: =IFERROR(+M19/N19,"") -> 7.68 | K19: =+IF(B19<>"CH",IFERROR(VLOOKUP(A19,'Stock Loeke'!A:G,7,),),)+IF(B19="CH",IFERROR(VLOOKUP(A19,'Stock Chef'!A:J,10,),0),0) -> 624 | L19: 2448 | M19: =+K19+L19 -> 3072 | N19: 400 | O19: 0 | P19: 264 | Q19: 216 | R19: =IFERROR(+VLOOKUP(A19,Quiebres!A:Q,17,0),"") | S19: 941E
A20: 601E | B20: LK | C20: Becky | D20: Pinza 30cm Ac. Puntera Silic | E20: 0.735 | F20: =+E20*IF(ISNUMBER(H20),H20,G20) -> 0 | G20: =IF((+I20-M20)<0,0,+I20-M20) -> 3448 | H20: 0 | I20: =+$I$3*N20 -> 5776 | J20: =IFERROR(+M20/N20,"") -> 3.2243767 | K20: =+IF(B20<>"CH",IFERROR(VLOOKUP(A20,'Stock Loeke'!A:G,7,),),)+IF(B20="CH",IFERROR(VLOOKUP(A20,'Stock Chef'!A:J,10,),0),0) -> 2328 | L20: 0 | M20: =+K20+L20 -> 2328 | N20: 722 | O20: 288 | P20: 228 | Q20: 252 | R20: =IFERROR(+VLOOKUP(A20,Quiebres!A:Q,17,0),"") | S20: 601E
A21: 956E | B21: LK | C21: Becky 1 | D21: Cuchara Calada Silic Mgo Bambú | E21: 0.49 | F21: =+E21*IF(ISNUMBER(H21),H21,G21) -> 0 | G21: =IF((+I21-M21)<0,0,+I21-M21) -> 60 | H21: 0 | I21: =+$I$3*N21 -> 2400 | J21: =IFERROR(+M21/N21,"") -> 7.8 | K21: =+IF(B21<>"CH",IFERROR(VLOOKUP(A21,'Stock Loeke'!A:G,7,),),)+IF(B21="CH",IFERROR(VLOOKUP(A21,'Stock Chef'!A:J,10,),0),0) -> 612 | L21: 1728 | M21: =+K21+L21 -> 2340 | N21: 300 | O21: 12 | P21: 312 | Q21: 60 | R21: =IFERROR(+VLOOKUP(A21,Quiebres!A:Q,17,0),"") | S21: 956E
A22: 946E | B22: LK | C22: Becky 2 | D22: Cuchara Calada Ac. Inox | E22: 0.66 | F22: =+E22*IF(ISNUMBER(H22),H22,G22) -> 0 | G22: =IF((+I22-M22)<0,0,+I22-M22) -> 40 | H22: 0 | I22: =+$I$3*N22 -> 3040 | J22: =IFERROR(+M22/N22,"") -> 7.8947368 | K22: =+IF(B22<>"CH",IFERROR(VLOOKUP(A22,'Stock Loeke'!A:G,7,),),)+IF(B22="CH",IFERROR(VLOOKUP(A22,'Stock Chef'!A:J,10,),0),0) -> 696 | L22: 2304 | M22: =+K22+L22 -> 3000 | N22: 380 | O22: 0 | P22: 252 | Q22: 84 | R22: =IFERROR(+VLOOKUP(A22,Quiebres!A:Q,17,0),"") | S22: 946E
A23: 980E | B23: LK | C23: Becky | D23: Tenedor Ensalada Linea Premium | E23: 0.96 | F23: =+E23*IF(ISNUMBER(H23),H23,G23) -> 0 | G23: =IF((+I23-M23)<0,0,+I23-M23) -> 0 | H23: 0 | I23: =+$I$3*N23 -> 672 | J23: =IFERROR(+M23/N23,"") -> 8 | K23: =+IF(B23<>"CH",IFERROR(VLOOKUP(A23,'Stock Loeke'!A:G,7,),),)+IF(B23="CH",IFERROR(VLOOKUP(A23,'Stock Chef'!A:J,10,),0),0) -> 672 | L23: 0 | M23: =+K23+L23 -> 672 | N23: 84 | O23: 12 | P23: 60 | Q23: 84 | R23: =IFERROR(+VLOOKUP(A23,Quiebres!A:Q,17,0),"") | S23: 980E
A24: 953E | B24: LK | C24: Becky 1 | D24: Cucharon Silicona Mgo Bambú | E24: 0.49 | F24: =+E24*IF(ISNUMBER(H24),H24,G24) -> 0 | G24: =IF((+I24-M24)<0,0,+I24-M24) -> 0 | H24: 0 | I24: =+$I$3*N24 -> 3360 | J24: =IFERROR(+M24/N24,"") -> 8.2857143 | K24: =+IF(B24<>"CH",IFERROR(VLOOKUP(A24,'Stock Loeke'!A:G,7,),),)+IF(B24="CH",IFERROR(VLOOKUP(A24,'Stock Chef'!A:J,10,),0),0) -> 312 | L24: 3168 | M24: =+K24+L24 -> 3480 | N24: 420 | O24: 456 | P24: 432 | Q24: 156 | R24: =IFERROR(+VLOOKUP(A24,Quiebres!A:Q,17,0),"") | S24: 953E
A25: 945E | B25: LK | C25: Becky | D25: Espatula Calada Ac. Inox | E25: 0.66 | F25: =+E25*IF(ISNUMBER(H25),H25,G25) -> 0 | G25: =IF((+I25-M25)<0,0,+I25-M25) -> 0 | H25: 0 | I25: =+$I$3*N25 -> 3040 | J25: =IFERROR(+M25/N25,"") -> 8.7473684 | K25: =+IF(B25<>"CH",IFERROR(VLOOKUP(A25,'Stock Loeke'!A:G,7,),),)+IF(B25="CH",IFERROR(VLOOKUP(A25,'Stock Chef'!A:J,10,),0),0) -> -276 | L25: 3600 | M25: =+K25+L25 -> 3324 | N25: 380 | O25: 12 | P25: 276 | Q25: 252 | R25: =IFERROR(+VLOOKUP(A25,Quiebres!A:Q,17,0),"") | S25: 945E
A26: 943E | B26: LK | C26: Becky 2 | D26: Cucharon Ac. Inox | E26: 0.66 | F26: =+E26*IF(ISNUMBER(H26),H26,G26) -> 0 | G26: =IF((+I26-M26)<0,0,+I26-M26) -> 2272 | H26: 0 | I26: =+$I$3*N26 -> 4000 | J26: =IFERROR(+M26/N26,"") -> 3.456 | K26: =+IF(B26<>"CH",IFERROR(VLOOKUP(A26,'Stock Loeke'!A:G,7,),),)+IF(B26="CH",IFERROR(VLOOKUP(A26,'Stock Chef'!A:J,10,),0),0) -> -288 | L26: 2016 | M26: =+K26+L26 -> 1728 | N26: 500 | O26: 0 | P26: 264 | Q26: 384 | R26: =IFERROR(+VLOOKUP(A26,Quiebres!A:Q,17,0),"") | S26: 943E
A27: 942E | B27: LK | C27: Becky 2 | D27: Cuchara Ac. Inox | E27: 0.66 | F27: =+E27*IF(ISNUMBER(H27),H27,G27) -> 0 | G27: =IF((+I27-M27)<0,0,+I27-M27) -> 1348 | H27: 0 | I27: =+$I$3*N27 -> 4000 | J27: =IFERROR(+M27/N27,"") -> 5.304 | K27: =+IF(B27<>"CH",IFERROR(VLOOKUP(A27,'Stock Loeke'!A:G,7,),),)+IF(B27="CH",IFERROR(VLOOKUP(A27,'Stock Chef'!A:J,10,),0),0) -> -228 | L27: 2880 | M27: =+K27+L27 -> 2652 | N27: 500 | O27: 12 | P27: 288 | Q27: 276 | R27: =IFERROR(+VLOOKUP(A27,Quiebres!A:Q,17,0),"") | S27: 942E
A28: 971E | B28: LK | C28: Becky 2 | D28: Espatula Silicona Mgo Plastico | E28: 0.39 | F28: =+E28*IF(ISNUMBER(H28),H28,G28) -> 0 | G28: =IF((+I28-M28)<0,0,+I28-M28) -> 0 | H28: 0 | I28: =+$I$3*N28 -> 2880 | J28: =IFERROR(+M28/N28,"") -> 8.5666667 | K28: =+IF(B28<>"CH",IFERROR(VLOOKUP(A28,'Stock Loeke'!A:G,7,),),)+IF(B28="CH",IFERROR(VLOOKUP(A28,'Stock Chef'!A:J,10,),0),0) -> 348 | L28: 2736 | M28: =+K28+L28 -> 3084 | N28: 360 | O28: 936 | P28: 348 | Q28: 204 | R28: =IFERROR(+VLOOKUP(A28,Quiebres!A:Q,17,0),"") | S28: 971E
... A42: 933E | B42: LK | C42: Becky 1 | D42: Cucharon Nylon Mgo Madera | E42: 0.53 | F42: =+E42*IF(ISNUMBER(H42),H42,G42) -> 0 | G42: =IF((+I42-M42)<0,0,+I42-M42) -> 0 | H42: 0 | I42: =+$I$3*N42 -> 1824 | J42: =IFERROR(+M42/N42,"") -> 11 | K42: =+IF(B42<>"CH",IFERROR(VLOOKUP(A42,'Stock Loeke'!A:G,7,),),)+IF(B42="CH",IFERROR(VLOOKUP(A42,'Stock Chef'!A:J,10,),0),0) -> 1788 | L42: 720 | M42: =+K42+L42 -> 2508 | N42: 228 | O42: 228 | P42: 180 | Q42: 84 | R42: =IFERROR(+VLOOKUP(A42,Quiebres!A:Q,17,0),"") | S42: 933E
A43: 404E | B43: LK | C43: Becky 1/2 | D43: Afila Chuchillos Premiun | E43: 5.2 | F43: =+E43*IF(ISNUMBER(H43),H43,G43) -> 0 | G43: =IF((+I43-M43)<0,0,+I43-M43) -> 0 | H43: 0 | I43: =+$I$3*N43 -> 2272 | J43: =IFERROR(+M43/N43,"") -> 11.535211 | K43: =+IF(B43<>"CH",IFERROR(VLOOKUP(A43,'Stock Loeke'!A:G,7,),),)+IF(B43="CH",IFERROR(VLOOKUP(A43,'Stock Chef'!A:J,10,),0),0) -> 1452 | L43: =928+896 -> 1824 | M43: =+K43+L43 -> 3276 | N43: 284 | O43: 184 | P43: 200 | Q43: 284 | R43: =IFERROR(+VLOOKUP(A43,Quiebres!A:Q,17,0),"") | S43: 404E
A44: 969E | B44: LK | C44: Becky 2 | D44: Batidor Silicona Mgo. Plastico | E44: 0.53 | F44: =+E44*IF(ISNUMBER(H44),H44,G44) -> 0 | G44: =IF((+I44-M44)<0,0,+I44-M44) -> 0 | H44: 0 | I44: =+$I$3*N44 -> 1152 | J44: =IFERROR(+M44/N44,"") -> 11.416667 | K44: =+IF(B44<>"CH",IFERROR(VLOOKUP(A44,'Stock Loeke'!A:G,7,),),)+IF(B44="CH",IFERROR(VLOOKUP(A44,'Stock Chef'!A:J,10,),0),0) -> 636 | L44: 1008 | M44: =+K44+L44 -> 1644 | N44: 144 | O44: 900 | P44: 144 | Q44: 132 | R44: =IFERROR(+VLOOKUP(A44,Quiebres!A:Q,17,0),"") | S44: 969E
A45: 984E | B45: LK | C45: Becky | D45: Cuchara Fideos Linea Premium | E45: 1.35 | F45: =+E45*IF(ISNUMBER(H45),H45,G45) -> 0 | G45: =IF((+I45-M45)<0,0,+I45-M45) -> 0 | H45: 0 | I45: =+$I$3*N45 -> 480 | J45: =IFERROR(+M45/N45,"") -> 12 | K45: =+IF(B45<>"CH",IFERROR(VLOOKUP(A45,'Stock Loeke'!A:G,7,),),)+IF(B45="CH",IFERROR(VLOOKUP(A45,'Stock Chef'!A:J,10,),0),0) -> 720 | L45: 0 | M45: =+K45+L45 -> 720 | N45: 60 | O45: 12 | P45: 60 | Q45: 48 | R45: =IFERROR(+VLOOKUP(A45,Quiebres!A:Q,17,0),"") | S45: 984E
A46: 982E | B46: LK | C46: Becky 2 | D46: Cuchara Linea Premium | E46: 0.98 | F46: =+E46*IF(ISNUMBER(H46),H46,G46) -> 0 | G46: =IF((+I46-M46)<0,0,+I46-M46) -> 0 | H46: 0 | I46: =+$I$3*N46 -> 1920 | J46: =IFERROR(+M46/N46,"") -> 12.8 | K46: =+IF(B46<>"CH",IFERROR(VLOOKUP(A46,'Stock Loeke'!A:G,7,),),)+IF(B46="CH",IFERROR(VLOOKUP(A46,'Stock Chef'!A:J,10,),0),0) -> 624 | L46: 2448 | M46: =+K46+L46 -> 3072 | N46: 240 | O46: 24 | P46: 228 | Q46: 252 | R46: =IFERROR(+VLOOKUP(A46,Quiebres!A:Q,17,0),"") | S46: 982E
A47: 954E | B47: LK | C47: Becky 1 | D47: Cuchara Fideos Silic Mgo Bambú | E47: 0.49 | F47: =+E47*IF(ISNUMBER(H47),H47,G47) -> 0 | G47: =IF((+I47-M47)<0,0,+I47-M47) -> 0 | H47: 0 | I47: =+$I$3*N47 -> 1600 | J47: =IFERROR(+M47/N47,"") -> 13.74 | K47: =+IF(B47<>"CH",IFERROR(VLOOKUP(A47,'Stock Loeke'!A:G,7,),),)+IF(B47="CH",IFERROR(VLOOKUP(A47,'Stock Chef'!A:J,10,),0),0) -> 732 | L47: 2016 | M47: =+K47+L47 -> 2748 | N47: 200 | O47: 0 | P47: 204 | Q47: 48 | R47: =IFERROR(+VLOOKUP(A47,Quiebres!A:Q,17,0),"") | S47: 954E
A48: 981E | B48: LK | C48: Becky 2 | D48: Espátula Lisa Linea Premium | E48: 1.3 | F48: =+E48*IF(ISNUMBER(H48),H48,G48) -> 0 | G48: =IF((+I48-M48)<0,0,+I48-M48) -> 0 | H48: 0 | I48: =+$I$3*N48 -> 576 | J48: =IFERROR(+M48/N48,"") -> 23.166667 | K48: =+IF(B48<>"CH",IFERROR(VLOOKUP(A48,'Stock Loeke'!A:G,7,),),)+IF(B48="CH",IFERROR(VLOOKUP(A48,'Stock Chef'!A:J,10,),0),0) -> 660 | L48: 1008 | M48: =+K48+L48 -> 1668 | N48: 72 | O48: 24 | P48: 72 | Q48: 84 | R48: =IFERROR(+VLOOKUP(A48,Quiebres!A:Q,17,0),"") | S48: 981E
A49: 983E | B49: LK | C49: Becky 2 | D49: Cucharón Linea Premium | E49: 1.98 | F49: =+E49*IF(ISNUMBER(H49),H49,G49) -> 0 | G49: =IF((+I49-M49)<0,0,+I49-M49) -> 0 | H49: 0 | I49: =+$I$3*N49 -> 560 | J49: =IFERROR(+M49/N49,"") -> 26.914286 | K49: =+IF(B49<>"CH",IFERROR(VLOOKUP(A49,'Stock Loeke'!A:G,7,),),)+IF(B49="CH",IFERROR(VLOOKUP(A49,'Stock Chef'!A:J,10,),0),0) -> 876 | L49: 1008 | M49: =+K49+L49 -> 1884 | N49: 70 | O49: 12 | P49: 36 | Q49: 108 | R49: =IFERROR(+VLOOKUP(A49,Quiebres!A:Q,17,0),"") | S49: 983E
A50: 938E | B50: LK | C50: Becky 1 | D50: Espumadera Nylon Mgo Madera | E50: 0.5 | F50: =+E50*IF(ISNUMBER(H50),H50,G50) -> 0 | G50: =IF((+I50-M50)<0,0,+I50-M50) -> 0 | H50: 0 | I50: =+$I$3*N50 -> 0 | J50: =IFERROR(+M50/N50,"") | K50: =+IF(B50<>"CH",IFERROR(VLOOKUP(A50,'Stock Loeke'!A:G,7,),),)+IF(B50="CH",IFERROR(VLOOKUP(A50,'Stock Chef'!A:J,10,),0),0) -> 0 | L50: 2880 | M50: =+K50+L50 -> 2880 | N50: 0 | O50: 0 | P50: 0 | Q50: 0 | R50: =IFERROR(+VLOOKUP(A50,Quiebres!A:Q,17,0),"") | S50: NO
A51: 602E | B51: LK | C51: Becky 2 | D51: Pinza 25cm Ac. Puntera Silic | E51: 0.65 | F51: =+E51*IF(ISNUMBER(H51),H51,G51) -> 0 | G51: =IF((+I51-M51)<0,0,+I51-M51) -> 0 | H51: 0 | I51: =+$I$3*N51 -> 0 | J51: =IFERROR(+M51/N51,"") | K51: =+IF(B51<>"CH",IFERROR(VLOOKUP(A51,'Stock Loeke'!A:G,7,),),)+IF(B51="CH",IFERROR(VLOOKUP(A51,'Stock Chef'!A:J,10,),0),0) -> 0 | L51: 1080 | M51: =+K51+L51 -> 1080 | N51: 0 | O51: 0 | P51: 0 | Q51: 0 | R51: =IFERROR(+VLOOKUP(A51,Quiebres!A:Q,17,0),"") | S51: NO
A52: 930E | B52: LK | C52: Becky | D52: Pisa Papas Nylon Mgo Madera | E52: 0 | F52: =+E52*IF(ISNUMBER(H52),H52,G52) -> 0 | G52: =IF((+I52-M52)<0,0,+I52-M52) -> 0 | H52: 0 | I52: =+$I$3*N52 -> 0 | J52: =IFERROR(+M52/N52,"") | K52: =+IF(B52<>"CH",IFERROR(VLOOKUP(A52,'Stock Loeke'!A:G,7,),),)+IF(B52="CH",IFERROR(VLOOKUP(A52,'Stock Chef'!A:J,10,),0),0) -> 0 | L52: 0 | M52: =+K52+L52 -> 0 | N52: 0 | O52: 0 | P52: 0 | Q52: 0 | R52: =IFERROR(+VLOOKUP(A52,Quiebres!A:Q,17,0),"") | S52: NO
A53: 939E | B53: LK | C53: Becky | D53: Espatula Nylon Mgo Madera | E53: 0 | F53: =+E53*IF(ISNUMBER(H53),H53,G53) -> 0 | G53: =IF((+I53-M53)<0,0,+I53-M53) -> 0 | H53: 0 | I53: =+$I$3*N53 -> 0 | J53: =IFERROR(+M53/N53,"") | K53: =+IF(B53<>"CH",IFERROR(VLOOKUP(A53,'Stock Loeke'!A:G,7,),),)+IF(B53="CH",IFERROR(VLOOKUP(A53,'Stock Chef'!A:J,10,),0),0) -> 0 | L53: 0 | M53: =+K53+L53 -> 0 | N53: 0 | O53: 0 | P53: 0 | Q53: 0 | R53: =IFERROR(+VLOOKUP(A53,Quiebres!A:Q,17,0),"") | S53: NO
A54: 940E | B54: LK | C54: Becky | D54: Pisa Papas Ac. Inox | E54: 0.92 | F54: =+E54*IF(ISNUMBER(H54),H54,G54) -> 0 | G54: =IF((+I54-M54)<0,0,+I54-M54) -> 0 | H54: 0 | I54: =+$I$3*N54 -> 0 | J54: =IFERROR(+M54/N54,"") | K54: =+IF(B54<>"CH",IFERROR(VLOOKUP(A54,'Stock Loeke'!A:G,7,),),)+IF(B54="CH",IFERROR(VLOOKUP(A54,'Stock Chef'!A:J,10,),0),0) -> 0 | L54: 0 | M54: =+K54+L54 -> 0 | N54: 0 | O54: 0 | P54: 0 | Q54: 0 | R54: =IFERROR(+VLOOKUP(A54,Quiebres!A:Q,17,0),"") | S54: NO
A55: 947E | B55: LK | C55: Becky | D55: Batidor Pera Ac. Inox | E55: 0.6 | F55: =+E55*IF(ISNUMBER(H55),H55,G55) -> 0 | G55: =IF((+I55-M55)<0,0,+I55-M55) -> 0 | H55: 0 | I55: =+$I$3*N55 -> 0 | J55: =IFERROR(+M55/N55,"") | K55: =+IF(B55<>"CH",IFERROR(VLOOKUP(A55,'Stock Loeke'!A:G,7,),),)+IF(B55="CH",IFERROR(VLOOKUP(A55,'Stock Chef'!A:J,10,),0),0) -> 0 | L55: 0 | M55: =+K55+L55 -> 0 | N55: 0 | O55: 0 | P55: 0 | Q55: 0 | R55: =IFERROR(+VLOOKUP(A55,Quiebres!A:Q,17,0),"") | S55: NO
... A59: 959E | B59: LK | C59: Becky | D59: Espatula Silicona Mgo Bambú | E59: 0.48 | F59: =+E59*IF(ISNUMBER(H59),H59,G59) -> 0 | G59: =IF((+I59-M59)<0,0,+I59-M59) -> 0 | H59: 0 | I59: =+$I$3*N59 -> 0 | J59: =IFERROR(+M59/N59,"") | K59: =+IF(B59<>"CH",IFERROR(VLOOKUP(A59,'Stock Loeke'!A:G,7,),),)+IF(B59="CH",IFERROR(VLOOKUP(A59,'Stock Chef'!A:J,10,),0),0) -> 0 | L59: 0 | M59: =+K59+L59 -> 0 | N59: 0 | O59: 0 | P59: 0 | Q59: 0 | R59: =IFERROR(+VLOOKUP(A59,Quiebres!A:Q,17,0),"") | S59: NO
A60: 608E | B60: LK | C60: Becky | D60: Pinza Hielo 22 cm | F60: =+E60*IF(ISNUMBER(H60),H60,G60) -> 0 | G60: =IF((+I60-M60)<0,0,+I60-M60) -> 0 | H60: 0 | I60: =+$I$3*N60 -> 0 | J60: =IFERROR(+M60/N60,"") | K60: =+IF(B60<>"CH",IFERROR(VLOOKUP(A60,'Stock Loeke'!A:G,7,),),)+IF(B60="CH",IFERROR(VLOOKUP(A60,'Stock Chef'!A:J,10,),0),0) -> 0 | L60: 0 | M60: =+K60+L60 -> 0 | N60: 0 | O60: 0 | P60: 0 | Q60: 0 | R60: =IFERROR(+VLOOKUP(A60,Quiebres!A:Q,17,0),"") | S60: NO
A61: 603E | B61: LK | C61: Becky | D61: Pinza 23cm Ac Inox | F61: =+E61*IF(ISNUMBER(H61),H61,G61) -> 0 | G61: =IF((+I61-M61)<0,0,+I61-M61) -> 0 | H61: 0 | I61: =+$I$3*N61 -> 0 | J61: =IFERROR(+M61/N61,"") | K61: =+IF(B61<>"CH",IFERROR(VLOOKUP(A61,'Stock Loeke'!A:G,7,),),)+IF(B61="CH",IFERROR(VLOOKUP(A61,'Stock Chef'!A:J,10,),0),0) -> 0 | L61: 0 | M61: =+K61+L61 -> 0 | N61: 0 | O61: 0 | P61: 0 | Q61: 0 | R61: =IFERROR(+VLOOKUP(A61,Quiebres!A:Q,17,0),"") | S61: NO
A62: 604E | B62: LK | C62: Becky | D62: Pinza 30cm Ac Inox | F62: =+E62*IF(ISNUMBER(H62),H62,G62) -> 0 | G62: =IF((+I62-M62)<0,0,+I62-M62) -> 0 | H62: 0 | I62: =+$I$3*N62 -> 0 | J62: =IFERROR(+M62/N62,"") | K62: =+IF(B62<>"CH",IFERROR(VLOOKUP(A62,'Stock Loeke'!A:G,7,),),)+IF(B62="CH",IFERROR(VLOOKUP(A62,'Stock Chef'!A:J,10,),0),0) -> 0 | L62: 0 | M62: =+K62+L62 -> 0 | N62: 0 | O62: 0 | P62: 0 | Q62: 0 | R62: =IFERROR(+VLOOKUP(A62,Quiebres!A:Q,17,0),"") | S62: NO
A63: 605E | B63: LK | C63: Becky | D63: Pinza 23cm Ac Inox c/ Silic | F63: =+E63*IF(ISNUMBER(H63),H63,G63) -> 0 | G63: =IF((+I63-M63)<0,0,+I63-M63) -> 0 | H63: 0 | I63: =+$I$3*N63 -> 0 | J63: =IFERROR(+M63/N63,"") | K63: =+IF(B63<>"CH",IFERROR(VLOOKUP(A63,'Stock Loeke'!A:G,7,),),)+IF(B63="CH",IFERROR(VLOOKUP(A63,'Stock Chef'!A:J,10,),0),0) -> 0 | L63: 0 | M63: =+K63+L63 -> 0 | N63: 0 | O63: 0 | P63: 0 | Q63: 0 | R63: =IFERROR(+VLOOKUP(A63,Quiebres!A:Q,17,0),"") | S63: NO
A64: 798E | B64: CH | C64: Becky | D64: Pelador Negro Dentado | E64: 0.195 | F64: =+E64*IF(ISNUMBER(H64),H64,G64) -> 0 | G64: =IF((+I64-M64)<0,0,+I64-M64) -> 56 | H64: 0 | I64: =+$I$3*N64 -> 5600 | J64: =IFERROR(+M64/N64,"") -> 7.92 | K64: =+IF(B64<>"CH",IFERROR(VLOOKUP(A64,'Stock Loeke'!A:G,7,),),)+IF(B64="CH",IFERROR(VLOOKUP(A64,'Stock Chef'!A:J,10,),0),0) -> 4344 | L64: 1200 | M64: =+K64+L64 -> 5544 | N64: 700 | O64: 840 | P64: 1440 | Q64: 108 | R64: Agregar 1200 al segundo pedido | S64: 798E
A65: 198E | B65: Loke | C65: Becky | D65: Pelador Negro Dentado Loke | E65: 0.195 | F65: =+E65*IF(ISNUMBER(H65),H65,G65) -> 0 | G65: =IF((+I65-M65)<0,0,+I65-M65) -> 268 | H65: 0 | I65: =+$I$3*N65 -> 5416 | J65: =IFERROR(+M65/N65,"") -> 7.6041359 | K65: =+IF(B65<>"CH",IFERROR(VLOOKUP(A65,'Stock Loeke'!A:G,7,),),)+IF(B65="CH",IFERROR(VLOOKUP(A65,'Stock Chef'!A:J,10,),0),0) -> 3348 | L65: 1800 | M65: =+K65+L65 -> 5148 | N65: 677 | O65: 0 | P65: 0 | Q65: 0 | R65: =IFERROR(+VLOOKUP(A65,Quiebres!A:Q,17,0),"") | S65: NO
A66: 598E | B66: LK | C66: Becky | D66: Pelador Negro Dentado | E66: 0.2 | F66: =+E66*IF(ISNUMBER(H66),H66,G66) -> 0 | G66: =IF((+I66-M66)<0,0,+I66-M66) -> 0 | H66: 0 | I66: =+$I$3*N66 -> 19200 | J66: =IFERROR(+M66/N66,"") -> 10.915 | K66: =+IF(B66<>"CH",IFERROR(VLOOKUP(A66,'Stock Loeke'!A:G,7,),),)+IF(B66="CH",IFERROR(VLOOKUP(A66,'Stock Chef'!A:J,10,),0),0) -> 26196 | L66: 0 | M66: =+K66+L66 -> 26196 | N66: 2400 | O66: 1524 | P66: 1476 | Q66: 4116 | R66: =IFERROR(+VLOOKUP(A66,Quiebres!A:Q,17,0),"") | S66: 598E
E68: Fujian | F68: =+SUM(F70:F84) -> 45725 | I68: 7 | O68: Ultimos tres meses de ventas
A69: Cod Art | B69: Marca | C69: Proveedor | D69: Descripcion | E69: FOB Uni | F69: Total FOB | G69: Genera Pedido | H69: Pedido Manual | I69: Maximo Determinado | J69: Meses | K69: Stock Actual | L69: Pedido en Curso | M69: Total Stock | N69: Est Madre | O69: May 26 Uni | P69: Abr 26 Uni | Q69: Mzo 26 Uni | R69: Observaciones | S69: Cotizador
A70: 438E | B70: CH | C70: Fujian | D70: Colador 20cm ac. inox. | E70: 0.5 | F70: =+E70*IF(ISNUMBER(H70),H70,G70) -> 9000 | G70: =IF((+I70-M70)<0,0,+I70-M70) -> 18264 | H70: 18000 | I70: =(+$I$68*N70)+($I$68*N72) -> 25200 | J70: =IFERROR(+(M70+M72)/(N70+N72+N71),"") -> 1.9266667 | K70: =+IF(B70<>"CH",IFERROR(VLOOKUP(A70,'Stock Loeke'!A:G,7,),),)+IF(B70="CH",IFERROR(VLOOKUP(A70,'Stock Chef'!A:J,10,),0),0) -> 264 | L70: 0 | M70: =+K70+L70+K72+L72 -> 6936 | N70: 3600 | O70: 96 | P70: 984 | Q70: 0 | S70: 438E
A71: 113 | B71: Loke | C71: Fujian | D71: Colador 20cm ac. inox. | E71: 0.5 | K71: =+IF(B71<>"CH",IFERROR(VLOOKUP(A71,'Stock Loeke'!A:G,7,),),)+IF(B71="CH",IFERROR(VLOOKUP(A71,'Stock Chef'!A:J,10,),0),0) -> 384 | L71: 0
A72: 438E | B72: LK | C72: Fujian | D72: Colador 20 cm Ac. Inox. | E72: 0.5 | K72: =+IF(B72<>"CH",IFERROR(VLOOKUP(A72,'Stock Loeke'!A:G,7,),),)+IF(B72="CH",IFERROR(VLOOKUP(A72,'Stock Chef'!A:J,10,),0),0) -> 6672 | L72: 0 | O72: 504 | P72: 720 | Q72: 1344 | S72: 438E
A73: 440E | B73: LK | C73: Fujian | D73: Colador Extensible Ac. Inox. | E73: 3.95 | F73: =+E73*IF(ISNUMBER(H73),H73,G73) -> 4740 | G73: =IF((+I73-M73)<0,0,+I73-M73) -> 720 | H73: 1200 | I73: =+$I$68*N73 -> 840 | J73: =IFERROR(+M73/N73,"") -> 1 | K73: =+IF(B73<>"CH",IFERROR(VLOOKUP(A73,'Stock Loeke'!A:G,7,),),)+IF(B73="CH",IFERROR(VLOOKUP(A73,'Stock Chef'!A:J,10,),0),0) -> 120 | L73: 0 | M73: =+K73+L73 -> 120 | N73: 120 | O73: 56 | P73: 52 | Q73: 80 | S73: 440E
A74: 035E | B74: LK | C74: Fujian | D74: Cernidor Harina Ac. Inox. | E74: 0.85 | F74: =+E74*IF(ISNUMBER(H74),H74,G74) -> 1020 | G74: =IF((+I74-M74)<0,0,+I74-M74) -> 1068 | H74: 1200 | I74: =+$I$68*N74 -> 1680 | J74: =IFERROR(+M74/N74,"") -> 2.55 | K74: =+IF(B74<>"CH",IFERROR(VLOOKUP(A74,'Stock Loeke'!A:G,7,),),)+IF(B74="CH",IFERROR(VLOOKUP(A74,'Stock Chef'!A:J,10,),0),0) -> 612 | L74: 0 | M74: =+K74+L74 -> 612 | N74: 240 | O74: 132 | P74: 324 | Q74: 384 | S74: 035E
A75: 439E | B75: LK | C75: Fujian | D75: Colador de Pastas Ac. Inox. | E75: 2.3 | F75: =+E75*IF(ISNUMBER(H75),H75,G75) -> 2760 | G75: =IF((+I75-M75)<0,0,+I75-M75) -> 228 | H75: 1200 | I75: =+$I$68*N75 -> 840 | J75: =IFERROR(+M75/N75,"") -> 5.1 | K75: =+IF(B75<>"CH",IFERROR(VLOOKUP(A75,'Stock Loeke'!A:G,7,),),)+IF(B75="CH",IFERROR(VLOOKUP(A75,'Stock Chef'!A:J,10,),0),0) -> 612 | L75: 0 | M75: =+K75+L75 -> 612 | N75: 120 | O75: 150 | P75: 288 | Q75: 90 | R75: =IFERROR(+VLOOKUP(A75,Quiebres!A:Q,17,0),"") | S75: 439E
A76: 437E | B76: LK | C76: Fujian | D76: Colador 16 cm Ac. Inox. | E76: 0.4 | F76: =+E76*IF(ISNUMBER(H76),H76,G76) -> 480 | G76: =IF((+I76-M76)<0,0,+I76-M76) -> 312 | H76: 1200 | I76: =(+$I$68*N76)+($I$68*N78)+($I$68*N77) -> 10080 | J76: =IFERROR(+(M76+M78)/(N76+N78+N77),"") -> 6.7833333 | K76: =+IF(B76<>"CH",IFERROR(VLOOKUP(A76,'Stock Loeke'!A:G,7,),),)+IF(B76="CH",IFERROR(VLOOKUP(A76,'Stock Chef'!A:J,10,),0),0) -> 8232 | L76: 0 | M76: =+K76+L76+K78+L78 -> 9768 | N76: 912 | O76: 360 | P76: 528 | Q76: 192 | R76: =IFERROR(+VLOOKUP(A76,Quiebres!A:Q,17,0),"") | S76: 437E
A77: 112 | B77: Loke | C77: Fujian | D77: Colador 16 cm Ac. Inox. | E77: 0.4 | K77: =+IF(B77<>"CH",IFERROR(VLOOKUP(A77,'Stock Loeke'!A:G,7,),),)+IF(B77="CH",IFERROR(VLOOKUP(A77,'Stock Chef'!A:J,10,),0),0) -> 360 | L77: 0 | N77: 360
A78: 437E | B78: CH | C78: Fujian | D78: Colador 16cm ac. inox. | E78: 0.4 | K78: =+IF(B78<>"CH",IFERROR(VLOOKUP(A78,'Stock Loeke'!A:G,7,),),)+IF(B78="CH",IFERROR(VLOOKUP(A78,'Stock Chef'!A:J,10,),0),0) -> 1536 | L78: 0 | N78: 168 | O78: 48 | P78: 0 | Q78: 0 | R78: =IFERROR(+VLOOKUP(A78,Quiebres!A:Q,17,0),"") | S78: 437E
A79: 026 | B79: LK | C79: Fujian | D79: Ø 8 Colador N8 | E79: 0.2 | F79: =+E79*IF(ISNUMBER(H79),H79,G79) -> 15600 | G79: =IF((+I79-M79)<0,0,+I79-M79) -> 78864 | H79: 78000 | I79: =(+$I$68*N79)+($I$68*N80)+($I$68*N81) -> 84840 | J79: =IFERROR(+(M79)/(N79+N80+N81),"") -> 0.49306931 | K79: =+IF(B79<>"CH",IFERROR(VLOOKUP(A79,'Stock Loeke'!A:G,7,),),)+IF(B79="CH",IFERROR(VLOOKUP(A79,'Stock Chef'!A:J,10,),0),0) -> 5976 | L79: 0 | M79: =+K79+L79+K80+L80+K81+L81 -> 5976 | N79: 9000 | O79: 7596 | P79: 8028 | Q79: 10404 | R79: 9036 | S79: 026
A80: 824 | B80: CH | C80: Fujian | D80: Ø 8 Colador N8 | E80: 0.2 | K80: =+IF(B80<>"CH",IFERROR(VLOOKUP(A80,'Stock Loeke'!A:G,7,),),)+IF(B80="CH",IFERROR(VLOOKUP(A80,'Stock Chef'!A:J,10,),0),0) -> 0 | L80: 0 | N80: 1920 | O80: 1284 | P80: 0 | Q80: 684 | R80: 1236 | S80: 824
A81: 110 | B81: Loke | C81: Fujian | D81: Ø 8 Colador N8 | E81: 0.2 | K81: =+IF(B81<>"CH",IFERROR(VLOOKUP(A81,'Stock Loeke'!A:G,7,),),)+IF(B81="CH",IFERROR(VLOOKUP(A81,'Stock Chef'!A:J,10,),0),0) -> 0 | L81: 0 | N81: 1200 | O81: 0 | P81: 324 | Q81: 576 | R81: 684 | S81: 110
A82: 027 | B82: LK | C82: Fujian | D82: Ø - COLADOR N°10 | E82: 0.25 | F82: =+E82*IF(ISNUMBER(H82),H82,G82) -> 12125 | G82: =IF((+I82-M82)<0,0,+I82-M82) -> 48672 | H82: 48500 | I82: =(+$I$68*N82)+($I$68*N83)+($I$68*N84) -> 47880 | J82: =IFERROR(+(M82+M83+M84)/(N82+N83+N84),"") -> -0.11578947 | K82: =+IF(B82<>"CH",IFERROR(VLOOKUP(A82,'Stock Loeke'!A:G,7,),),)+IF(B82="CH",IFERROR(VLOOKUP(A82,'Stock Chef'!A:J,10,),0),0) -> -792 | L82: 0 | M82: =+K82+L82+K83+L83+K84+L84 -> -792 | N82: 4512 | O82: 1176 | P82: 2904 | Q82: 4968 | R82: 6792 | S82: 027
A83: 825 | B83: CH | C83: Fujian | D83: Ø - COLADOR N°10 | E83: 0.5 | K83: =+IF(B83<>"CH",IFERROR(VLOOKUP(A83,'Stock Loeke'!A:G,7,),),)+IF(B83="CH",IFERROR(VLOOKUP(A83,'Stock Chef'!A:J,10,),0),0) -> 0 | L83: 0 | N83: 2328 | O83: 1008 | P83: 0 | Q83: 624 | R83: 1128 | S83: 825
A84: 111 | B84: Loke | C84: Fujian | D84: Ø 8 Colador N10 | E84: 0.2 | K84: =+IF(B84<>"CH",IFERROR(VLOOKUP(A84,'Stock Loeke'!A:G,7,),),)+IF(B84="CH",IFERROR(VLOOKUP(A84,'Stock Chef'!A:J,10,),0),0) -> 0 | L84: 0 | N84: 0 | O84: 0 | P84: 0 | Q84: 0 | R84: 0 | S84: 111
E86: Hugo Wong | F86: =+SUM(F88:F115) -> 48047.116 | G86: cerrado | H86: y que ofrezca si tiene algo nuevo. Mandar listado articulos ownland para ver si mejora precio | O86: Ultimos tres meses de ventas
A87: Cod Art | B87: Marca | C87: Proveedor | D87: Descripcion | E87: FOB Uni | F87: Total FOB | G87: Genera Pedido | H87: Pedido Manual | I87: Maximo Determinado | J87: Meses | K87: Stock Actual | L87: Pedido en Curso | M87: Total Stock | N87: Est Madre | O87: May 26 Uni | P87: Abr 26 Uni | Q87: Mzo 26 Uni | R87: Observaciones | S87: Cotizador
A88: 838E | B88: CH | C88: Hugo Wong | D88: Rallador 4 Lados Mini | E88: 0.225 | F88: =+E88*IF(ISNUMBER(H88),H88,G88) -> 226.8 | G88: =IF((+I88-M88)<0,0,+I88-M88) -> 768 | H88: 1008 | I88: =+$I$3*N88 -> 768 | J88: =IFERROR(+M88/N88,"") -> 0 | L88: 0 | M88: =+K88+L88 -> 0 | N88: 96 | O88: 96 | P88: 960 | Q88: 0 | R88: =IFERROR(+VLOOKUP(A88,Quiebres!A:Q,17,0),"") | S88: es el 323E reenvasado (lo lleva Dorinka)
A89: 323E | B89: LK | C89: Hugo Wong | D89: Rallador 4 Lados Mini | E89: 0.225 | F89: =+E89*IF(ISNUMBER(H89),H89,G89) -> 990 | G89: =IF((+I89-M89)<0,0,+I89-M89) -> 4436 | H89: 4400 | I89: =+$I$3*N89 -> 6400 | J89: =IFERROR(+M89/N89,"") -> 2.455 | K89: =+IF(B89<>"CH",IFERROR(VLOOKUP(A89,'Stock Loeke'!A:G,7,),),)+IF(B89="CH",IFERROR(VLOOKUP(A89,'Stock Chef'!A:J,10,),0),0) -> -36 | L89: 2000 | M89: =+K89+L89 -> 1964 | N89: 800 | O89: 108 | P89: 180 | Q89: 504 | S89: 323E
A90: 102E | B90: Loke | C90: Hugo Wong | D90: Abr Mariposa Loke | E90: 0.38 | F90: =+E90*IF(ISNUMBER(H90),H90,G90) -> 9120 | G90: =IF((+I90-M90)<0,0,+I90-M90) -> 25132 | H90: 24000 | I90: =+$I$3*N90 -> 39832 | J90: =IFERROR(+M90/N90,"") -> 2.9524001 | K90: =+IF(B90<>"CH",IFERROR(VLOOKUP(A90,'Stock Loeke'!A:G,7,),),)+IF(B90="CH",IFERROR(VLOOKUP(A90,'Stock Chef'!A:J,10,),0),0) -> 5340 | L90: 9360 | M90: =+K90+L90 -> 14700 | N90: 4979 | O90: 2280 | P90: 4260 | Q90: 2580 | R90: =IFERROR(+VLOOKUP(A90,Quiebres!A:Q,17,0),"") -> (se reenvaso para 702EN - esp. Walmart) | S90: NO
A91: 522E | B91: LK | C91: Hugo Wong | D91: Sac. Doble Aleta Premium | E91: 1.4 | F91: =+E91*IF(ISNUMBER(H91),H91,G91) -> 8400 | G91: =IF((+I91-M91)<0,0,+I91-M91) -> 6308 | H91: 6000 | I91: =+$I$3*N91 -> 12616 | J91: =IFERROR(+M91/N91,"") -> 4 | K91: =+IF(B91<>"CH",IFERROR(VLOOKUP(A91,'Stock Loeke'!A:G,7,),),)+IF(B91="CH",IFERROR(VLOOKUP(A91,'Stock Chef'!A:J,10,),0),0) -> 2268 | L91: 4040 | M91: =+K91+L91 -> 6308 | N91: 1577 | O91: 132 | P91: 756 | Q91: 1536 | S91: 522E
A92: 522ES | B92: LK | C92: Hugo Wong | D92: Sac. Doble Aleta Premium Suelto | E92: 1.15 | F92: =+E92*IF(ISNUMBER(H92),H92,G92) -> 0 | G92: =IF((+I92-M92)<0,0,+I92-M92) -> 0 | J92: =IFERROR(+M92/N92,"") | K92: =+IF(B92<>"CH",IFERROR(VLOOKUP(A92,'Stock Loeke'!A:G,7,),),)+IF(B92="CH",IFERROR(VLOOKUP(A92,'Stock Chef'!A:J,10,),0),0) -> 0 | R92: =IFERROR(+VLOOKUP(A92,Quiebres!A:Q,17,0),"") | S92: NO
A93: 529E | B93: LK | C93: Hugo Wong | D93: Sac. Doble Impulso Acero | E93: 0.465 | F93: =+E93*IF(ISNUMBER(H93),H93,G93) -> 6696 | G93: =IF((+I93-M93)<0,0,+I93-M93) -> 17196 | H93: 14400 | I93: =+$I$3*N93 -> 40656 | J93: =IFERROR(+M93/N93,"") -> 4.6162928 | K93: =+IF(B93<>"CH",IFERROR(VLOOKUP(A93,'Stock Loeke'!A:G,7,),),)+IF(B93="CH",IFERROR(VLOOKUP(A93,'Stock Chef'!A:J,10,),0),0) -> 2724 | L93: 20736 | M93: =+K93+L93 -> 23460 | N93: 5082 | O93: 3492 | P93: 2208 | Q93: 7140 | S93: 529E
A94: 540E | B94: LK | C94: Hugo Wong | D94: Sacacorcho Premium | E94: 1.29 | F94: =+E94*IF(ISNUMBER(H94),H94,G94) -> 1548 | G94: =IF((+I94-M94)<0,0,+I94-M94) -> 1224 | H94: 1200 | I94: =+$I$3*N94 -> 4512 | J94: =IFERROR(+M94/N94,"") -> 5.8297872 | K94: =+IF(B94<>"CH",IFERROR(VLOOKUP(A94,'Stock Loeke'!A:G,7,),),)+IF(B94="CH",IFERROR(VLOOKUP(A94,'Stock Chef'!A:J,10,),0),0) -> 3288 | L94: 0 | M94: =+K94+L94 -> 3288 | N94: 564 | O94: 120 | P94: 384 | Q94: 672 | R94: =IFERROR(+VLOOKUP(A94,Quiebres!A:Q,17,0),"") | S94: 540E
A95: 539E | B95: LK | C95: Hugo Wong | D95: Sacacorcho Negro | E95: 0.84 | F95: =+E95*IF(ISNUMBER(H95),H95,G95) -> 1008 | G95: =IF((+I95-M95)<0,0,+I95-M95) -> 744 | H95: 1200 | I95: =+$I$3*N95 -> 4800 | J95: =IFERROR(+M95/N95,"") -> 6.76 | K95: =+IF(B95<>"CH",IFERROR(VLOOKUP(A95,'Stock Loeke'!A:G,7,),),)+IF(B95="CH",IFERROR(VLOOKUP(A95,'Stock Chef'!A:J,10,),0),0) -> 4056 | L95: 0 | M95: =+K95+L95 -> 4056 | N95: 600 | O95: 336 | P95: 792 | Q95: 792 | R95: =IFERROR(+VLOOKUP(A95,Quiebres!A:Q,17,0),"") | S95: 539E
A96: 106E | B96: Loke | C96: Hugo Wong | D96: Sac Doble Impulso Loke | E96: 0.465 | F96: =+E96*IF(ISNUMBER(H96),H96,G96) -> 0 | G96: =IF((+I96-M96)<0,0,+I96-M96) -> 0 | I96: =+$I$3*N96 -> 16000 | J96: =IFERROR(+M96/N96,"") -> 9.774 | K96: =+IF(B96<>"CH",IFERROR(VLOOKUP(A96,'Stock Loeke'!A:G,7,),),)+IF(B96="CH",IFERROR(VLOOKUP(A96,'Stock Chef'!A:J,10,),0),0) -> 19548 | L96: 0 | M96: =+K96+L96 -> 19548 | N96: 2000 | O96: 948 | P96: 2508 | Q96: 1908 | R96: =IFERROR(+VLOOKUP(A96,Quiebres!A:Q,17,0),"") | S96: NO
A97: 536E | B97: LK | C97: Hugo Wong | D97: Sacacorcho Premiun Full Black | E97: 0.925 | F97: =+E97*IF(ISNUMBER(H97),H97,G97) -> 1665 | G97: =IF((+I97-M97)<0,0,+I97-M97) -> 1544 | H97: 1800 | I97: =+$I$3*N97 -> 4688 | J97: =IFERROR(+M97/N97,"") -> 5.3651877 | K97: =+IF(B97<>"CH",IFERROR(VLOOKUP(A97,'Stock Loeke'!A:G,7,),),)+IF(B97="CH",IFERROR(VLOOKUP(A97,'Stock Chef'!A:J,10,),0),0) -> 3144 | L97: 0 | M97: =+K97+L97 -> 3144 | N97: 586 | O97: 36 | P97: 168 | Q97: 336 | R97: =IFERROR(+VLOOKUP(A97,Quiebres!A:Q,17,0),"") | S97: 536E
A98: 514E | B98: LK | C98: Hugo Wong | D98: Destapador Full Black Suelto | E98: 0.11 | F98: =+E98*IF(ISNUMBER(H98),H98,G98) -> 0 | G98: =IF((+I98-M98)<0,0,+I98-M98) -> 0 | I98: =+$I$3*N98 -> 800 | J98: =IFERROR(+M98/N98,"") -> 18 | K98: =+IF(B98<>"CH",IFERROR(VLOOKUP(A98,'Stock Loeke'!A:G,7,),),)+IF(B98="CH",IFERROR(VLOOKUP(A98,'Stock Chef'!A:J,10,),0),0) -> 1800 | L98: 0 | M98: =+K98+L98 -> 1800 | N98: 100 | O98: 0 | P98: 0 | Q98: 100 | R98: =IFERROR(+VLOOKUP(A98,Quiebres!A:Q,17,0),"") | S98: 514E
A99: 538E | B99: LK | C99: Hugo Wong | D99: Sacacorcho Azul | E99: 0.64 | F99: =+E99*IF(ISNUMBER(H99),H99,G99) -> 0 | G99: =IF((+I99-M99)<0,0,+I99-M99) -> 0 | I99: =+$I$3*N99 -> 1664 | J99: =IFERROR(+M99/N99,"") -> 21.634615 | K99: =+IF(B99<>"CH",IFERROR(VLOOKUP(A99,'Stock Loeke'!A:G,7,),),)+IF(B99="CH",IFERROR(VLOOKUP(A99,'Stock Chef'!A:J,10,),0),0) -> 4500 | L99: 0 | M99: =+K99+L99 -> 4500 | N99: 208 | O99: 204 | P99: 252 | Q99: 576 | R99: =IFERROR(+VLOOKUP(A99,Quiebres!A:Q,17,0),"") | S99: 538E
A100: 056E | B100: LK | C100: Hugo Wong | D100: Destapador Full Black | E100: 0.162 | F100: =+E100*IF(ISNUMBER(H100),H100,G100) -> 0 | G100: =IF((+I100-M100)<0,0,+I100-M100) -> 0 | I100: =+$I$3*N100 -> 1152 | J100: =IFERROR(+M100/N100,"") -> 32.083333 | K100: =+IF(B100<>"CH",IFERROR(VLOOKUP(A100,'Stock Loeke'!A:G,7,),),)+IF(B100="CH",IFERROR(VLOOKUP(A100,'Stock Chef'!A:J,10,),0),0) -> 4620 | L100: 0 | M100: =+K100+L100 -> 4620 | N100: 144 | O100: 216 | P100: 24 | Q100: 72 | R100: =IFERROR(+VLOOKUP(A100,Quiebres!A:Q,17,0),"") | S100: 056E
A101: 599ES | B101: LK | C101: Hugo Wong | D101: Pelador Mad Verd Multif Suelto | E101: 0.435 | F101: =+E101*IF(ISNUMBER(H101),H101,G101) -> 0 | G101: =IF((+I101-M101)<0,0,+I101-M101) -> 0 | I101: =+$I$3*N101 -> 0 | J101: =IFERROR(+M101/N101,"") | K101: =+IF(B101<>"CH",IFERROR(VLOOKUP(A101,'Stock Loeke'!A:G,7,),),)+IF(B101="CH",IFERROR(VLOOKUP(A101,'Stock Chef'!A:J,10,),0),0) -> 0 | L101: 1800 | M101: =+K101+L101 -> 1800 | N101: 0 | O101: 0 | P101: 0 | Q101: 0 | R101: =IFERROR(+VLOOKUP(A101,Quiebres!A:Q,17,0),"") | S101: NO
A102: 124E | B102: Loke | C102: Hugo Wong | D102: Sac Negro Premiun Loke | E102: 0.84 | F102: =+E102*IF(ISNUMBER(H102),H102,G102) -> 0 | G102: =IF((+I102-M102)<0,0,+I102-M102) -> 0 | I102: =+$I$3*N102 -> 0 | J102: =IFERROR(+M102/N102,"") | K102: =+IF(B102<>"CH",IFERROR(VLOOKUP(A102,'Stock Loeke'!A:G,7,),),)+IF(B102="CH",IFERROR(VLOOKUP(A102,'Stock Chef'!A:J,10,),0),0) -> 2880 | L102: 0 | M102: =+K102+L102 -> 2880 | N102: 0 | O102: 0 | P102: 0 | Q102: 0 | R102: =IFERROR(+VLOOKUP(A102,Quiebres!A:Q,17,0),"") | S102: NO
A103: 1000900 | B103: LK | C103: Hugo Wong | D103: espiral | E103: 0.067 | F103: =+E103*IF(ISNUMBER(H103),H103,G103) -> 1340 | G103: =IF((+I103-M103)<0,0,+I103-M103) -> 0 | H103: 20000 | I103: =+$I$3*N103 -> 104960 | J103: =IFERROR(+M103/N103,"") -> 11.280488 | K103: =56000+12000 -> 68000 | L103: 80000 | M103: =+K103+L103 -> 148000 | N103: =3100+2200+3600+1800+1000+120+750+550 -> 13120 | R103: 520-521-30-31-581-735-730-731 | S103: NO
A104: 523C | B104: LK | C104: Hugo Wong | D104: Cremallera | E104: 0.572 | F104: =+E104*IF(ISNUMBER(H104),H104,G104) -> 6864 | G104: =IF((+I104-M104)<0,0,+I104-M104) -> 7776 | H104: 12000 | I104: =+$I$3*N104 -> 22176 | J104: =IFERROR(+M104/N104,"") -> 5.1948052 | K104: 0 | L104: 14400 | M104: =+K104+L104 -> 14400 | N104: =372+2400 -> 2772 | R104: =IFERROR(+VLOOKUP(A104,Quiebres!A:Q,17,0),"") | S104: NO
A105: 585E | B105: LK | C105: Ownland | D105: Sac. Doble Aleta Fundicion | E105: 0.742 | F105: =+E105*IF(ISNUMBER(H105),H105,G105) -> 3710 | G105: =IF((+I105-M105)<0,0,+I105-M105) -> 5556 | H105: 5000 | I105: =+$I$3*N105 -> 9600 | J105: =IFERROR(+M105/N105,"") -> 3.37 | K105: =+IF(B105<>"CH",IFERROR(VLOOKUP(A105,'Stock Loeke'!A:G,7,),),)+IF(B105="CH",IFERROR(VLOOKUP(A105,'Stock Chef'!A:J,10,),0),0) -> 4044 | L105: 0 | M105: =+K105+L105 -> 4044 | N105: 1200 | O105: 516 | P105: 1140 | Q105: 1452 | R105: =IFERROR(+VLOOKUP(A105,Quiebres!A:Q,17,0),"") -> mayor consumo (megashop/Jumbo) | S105: 585E
A106: 819E | B106: LK | C106: Ownland | D106: Sacacorcho "Fish" Grande | E106: 0.493 | F106: =+E106*IF(ISNUMBER(H106),H106,G106) -> 591.6 | G106: =IF((+I106-M106)<0,0,+I106-M106) -> 1776 | H106: 1200 | I106: =+$I$3*N106 -> 4800 | J106: =IFERROR(+M106/N106,"") -> 5.04 | K106: =+IF(B106<>"CH",IFERROR(VLOOKUP(A106,'Stock Loeke'!A:G,7,),),)+IF(B106="CH",IFERROR(VLOOKUP(A106,'Stock Chef'!A:J,10,),0),0) -> 3024 | L106: 0 | M106: =+K106+L106 -> 3024 | N106: 600 | O106: 396 | P106: 516 | Q106: 1248 | S106: 819E
A107: 812E | B107: LK | C107: Ownland | D107: Corta Huevo | E107: 0.612 | F107: =+E107*IF(ISNUMBER(H107),H107,G107) -> 0 | G107: =IF((+I107-M107)<0,0,+I107-M107) -> 0 | I107: =+$I$3*N107 -> 4800 | J107: =IFERROR(+M107/N107,"") -> 8.64 | K107: =+IF(B107<>"CH",IFERROR(VLOOKUP(A107,'Stock Loeke'!A:G,7,),),)+IF(B107="CH",IFERROR(VLOOKUP(A107,'Stock Chef'!A:J,10,),0),0) -> 5184 | L107: 0 | M107: =+K107+L107 -> 5184 | N107: 600 | O107: 96 | P107: 504 | Q107: 624 | R107: =IFERROR(+VLOOKUP(A107,Quiebres!A:Q,17,0),"") | S107: 812E
A108: 813E | B108: LK | C108: Ownland | D108: Afila Cuchillo | E108: 0.685 | F108: =+E108*IF(ISNUMBER(H108),H108,G108) -> 0 | G108: =IF((+I108-M108)<0,0,+I108-M108) -> 0 | I108: =+$I$3*N108 -> 0 | J108: =IFERROR(+M108/N108,"") | K108: =+IF(B108<>"CH",IFERROR(VLOOKUP(A108,'Stock Loeke'!A:G,7,),),)+IF(B108="CH",IFERROR(VLOOKUP(A108,'Stock Chef'!A:J,10,),0),0) -> 0 | L108: 0 | M108: =+K108+L108 -> 0 | N108: 0 | O108: 0 | P108: 0 | Q108: 0 | R108: =IFERROR(+VLOOKUP(A108,Quiebres!A:Q,17,0),"") | S108: NO
A109: 811E | B109: LK | C109: Ownland | D109: Corta Pizza C/Mgo Ergonomico | E109: 0.912 | F109: =+E109*IF(ISNUMBER(H109),H109,G109) -> 0 | G109: =IF((+I109-M109)<0,0,+I109-M109) -> 0 | I109: =+$I$3*N109 -> 2880 | J109: =IFERROR(+M109/N109,"") -> 13.133333 | K109: =+IF(B109<>"CH",IFERROR(VLOOKUP(A109,'Stock Loeke'!A:G,7,),),)+IF(B109="CH",IFERROR(VLOOKUP(A109,'Stock Chef'!A:J,10,),0),0) -> 4728 | L109: 0 | M109: =+K109+L109 -> 4728 | N109: 360 | O109: 312 | P109: 420 | Q109: 792 | R109: =IFERROR(+VLOOKUP(A109,Quiebres!A:Q,17,0),"") | S109: 811E
A110: 809E | B110: LK | C110: Ownland | D110: Corta pizza familiar | E110: 0.578 | F110: =+E110*IF(ISNUMBER(H110),H110,G110) -> 693.6 | G110: =IF((+I110-M110)<0,0,+I110-M110) -> 1176 | H110: 1200 | I110: =+$I$3*N110 -> 2304 | J110: =IFERROR(+M110/N110,"") -> 3.9166667 | K110: =+IF(B110<>"CH",IFERROR(VLOOKUP(A110,'Stock Loeke'!A:G,7,),),)+IF(B110="CH",IFERROR(VLOOKUP(A110,'Stock Chef'!A:J,10,),0),0) -> 1128 | L110: 0 | M110: =+K110+L110 -> 1128 | N110: 288 | O110: 288 | P110: 216 | Q110: 324 | S110: 809E
A111: 816E | B111: LK | C111: Ownland | D111: Pelador V Con Mgo Ergonomico | E111: 0.452 | F111: =+E111*IF(ISNUMBER(H111),H111,G111) -> 1627.2 | G111: =IF((+I111-M111)<0,0,+I111-M111) -> 3096 | H111: 3600 | I111: =+$I$3*N111 -> 14976 | J111: =IFERROR(+M111/N111,"") -> 6.3461538 | K111: =+IF(B111<>"CH",IFERROR(VLOOKUP(A111,'Stock Loeke'!A:G,7,),),)+IF(B111="CH",IFERROR(VLOOKUP(A111,'Stock Chef'!A:J,10,),0),0) -> 11880 | L111: 0 | M111: =+K111+L111 -> 11880 | N111: 1872 | O111: 804 | P111: 1920 | Q111: 2196 | R111: =IFERROR(+VLOOKUP(A111,Quiebres!A:Q,17,0),"") | S111: 816E
A112: 817E | B112: LK | C112: Ownland | D112: Rallador C/Mgo Ergonomico | E112: 0.553 | F112: =+E112*IF(ISNUMBER(H112),H112,G112) -> 663.6 | G112: =IF((+I112-M112)<0,0,+I112-M112) -> 888 | H112: 1200 | I112: =+$I$3*N112 -> 3360 | J112: =IFERROR(+M112/N112,"") -> 5.8857143 | K112: =+IF(B112<>"CH",IFERROR(VLOOKUP(A112,'Stock Loeke'!A:G,7,),),)+IF(B112="CH",IFERROR(VLOOKUP(A112,'Stock Chef'!A:J,10,),0),0) -> 2472 | L112: 0 | M112: =+K112+L112 -> 2472 | N112: 420 | O112: 96 | P112: 252 | Q112: 420 | S112: 817E
A113: 360E | B113: LK | C113: Kangli | D113: Rallador 4 Lados A/L Mgo Plast | E113: 0.793 | F113: =+E113*IF(ISNUMBER(H113),H113,G113) -> 2654.964 | G113: =IF((+I113-M113)<0,0,+I113-M113) -> 3348 | I113: =+$I$3*N113 -> 3744 | J113: =IFERROR(+M113/N113,"") -> 0.84615385 | K113: =+IF(B113<>"CH",IFERROR(VLOOKUP(A113,'Stock Loeke'!A:G,7,),),)+IF(B113="CH",IFERROR(VLOOKUP(A113,'Stock Chef'!A:J,10,),0),0) -> 396 | L113: 0 | M113: =+K113+L113 -> 396 | N113: 468 | O113: 336 | P113: 468 | Q113: 432 | R113: =IFERROR(+VLOOKUP(A113,Quiebres!A:Q,17,0),"") -> me parece que dijiste que no te gustaba | S113: 360E
A114: 361E | B114: LK | C114: Kangli | D114: Rallador 4 Lados Ac Inox (20 c | E114: 0.796 | F114: =+E114*IF(ISNUMBER(H114),H114,G114) -> 248.352 | G114: =IF((+I114-M114)<0,0,+I114-M114) -> 312 | I114: =+$I$3*N114 -> 3840 | J114: =IFERROR(+M114/N114,"") -> 7.35 | K114: =+IF(B114<>"CH",IFERROR(VLOOKUP(A114,'Stock Loeke'!A:G,7,),),)+IF(B114="CH",IFERROR(VLOOKUP(A114,'Stock Chef'!A:J,10,),0),0) -> -72 | L114: 3600 | M114: =+K114+L114 -> 3528 | N114: 480 | O114: 0 | P114: 744 | Q114: 1200 | R114: =IFERROR(+VLOOKUP(A114,Quiebres!A:Q,17,0),"") | S114: 361E
A115: 366E | B115: LK | C115: Kangli | D115: Rallador conico ac inox x12 | E115: 0.737 | F115: =+E115*IF(ISNUMBER(H115),H115,G115) -> 0 | G115: =IF((+I115-M115)<0,0,+I115-M115) -> 0 | I115: =+$I$3*N115 -> 960 | J115: =IFERROR(+M115/N115,"") -> 10.7 | K115: =+IF(B115<>"CH",IFERROR(VLOOKUP(A115,'Stock Loeke'!A:G,7,),),)+IF(B115="CH",IFERROR(VLOOKUP(A115,'Stock Chef'!A:J,10,),0),0) -> 84 | L115: 1200 | M115: =+K115+L115 -> 1284 | N115: 120 | O115: 84 | P115: 72 | Q115: 144 | R115: =IFERROR(+VLOOKUP(A115,Quiebres!A:Q,17,0),"") | S115: 366E
E119: Kangli | F119: =+SUM(F121:F137) -> 5774.16 | O119: Ultimos tres meses de ventas
A120: Cod Art | B120: Marca | C120: Proveedor | D120: Descripcion | E120: FOB Uni | F120: Total FOB | G120: Genera Pedido | H120: Pedido Manual | I120: Maximo Determinado | J120: Meses | K120: Stock Actual | L120: Pedido en Curso | M120: Total Stock | N120: Est Madre | O120: May 26 Uni | P120: Abr 26 Uni | Q120: Mzo 26 Uni | R120: Observaciones | S120: Cotizador
A121: 865E | B121: CH | C121: Kangli | D121: Rallador plano a/I 3 usos | E121: 0.48 | F121: =+E121*IF(ISNUMBER(H121),H121,G121) -> 483.84 | G121: =IF((+I121-M121)<0,0,+I121-M121) -> 1008 | I121: =+$I$3*N121 -> 960 | J121: =IFERROR(+M121/N121,"") -> -0.4 | K121: =+IF(B121<>"CH",IFERROR(VLOOKUP(A121,'Stock Loeke'!A:G,7,),),)+IF(B121="CH",IFERROR(VLOOKUP(A121,'Stock Chef'!A:J,10,),0),0) -> -48 | L121: 0 | M121: =+K121+L121 -> -48 | N121: 120 | O121: 12 | P121: 0 | Q121: 0 | R121: =IFERROR(+VLOOKUP(A121,Quiebres!A:Q,17,0),"") -> lo lleva Dorinka (se tomo 865E+ED) | S121: 865ED
...

Sheet Stock Loeke
A1: Cód.Artículo | B1: Descripción | C1: Med. | D1: Stock | E1: Pedido | F1: Pedido Kit/Cbo | G1: Stock | H1: Compras | I1: Cpras Kit/Cbo | J1: Stock
A2: 0007 | B2: espiral para loeke | C2: unidad | D2: 15500 | E2: 0 | F2: 0 | G2: 15500 | H2: 0 | I2: 0 | J2: 15500
A3: 025 | B3: Ø 7 Env. | C3: unidad | D3: 0 | E3: 0 | F3: 0 | G3: 0 | H3: 7452 | I3: 0 | J3: 7452
A4: 026 | B4: Ø 8 Env. | C4: unidad | D4: 10944 | E4: 4968 | F4: 0 | G4: 5976 | H4: 16848 | I4: 0 | J4: 22824
A5: 027 | B5: Ø - COLADOR N°10 | C5: unidad | D5: 4440 | E5: 5232 | F5: 0 | G5: -792 | H5: 50832 | I5: 0 | J5: 50040
A6: 028 | B6: Ø 13 Env. | C6: unidad | D6: 0 | E6: 0 | F6: 0 | G6: 0 | H6: 936 | I6: 0 | J6: 936
A7: 029 | B7: Ø 16 Env. | C7: unidad | D7: 96 | E7: 0 | F7: 0 | G7: 96 | H7: 1704 | I7: 0 | J7: 1800
A8: 030 | B8: Ø 20 Env. | C8: unidad | D8: 48 | E8: 0 | F8: 0 | G8: 48 | H8: 2232 | I8: 0 | J8: 2280
A9: 031 | B9: Filtros de Café | C9: unidad | D9: 9312 | E9: 11808 | F9: 0 | G9: -2496 | H9: 34128 | I9: 0 | J9: 31632
A10: 034 | B10: Filtro de Café Gastronomico | C10: unidad | D10: 1032 | E10: 696 | F10: 0 | G10: 336 | H10: 0 | I10: 0 | J10: 336
A11: 035E | B11: Cernidor Harina Ac. Inox. | C11: unidad | D11: 660 | E11: 48 | F11: 0 | G11: 612 | H11: 0 | I11: 0 | J11: 612
A12: 056E | B12: Destapador Full Black | C12: unidad | D12: 4644 | E12: 24 | F12: 0 | G12: 4620 | H12: 0 | I12: 0 | J12: 4620
A13: 057 | B13: Destapa Corona * 1 Env. | C13: unidad | D13: 972 | E13: 96 | F13: 0 | G13: 876 | H13: 0 | I13: 0 | J13: 876
... A281: D208 | B281: Cucharita 13cm Azucarera Mader | C281: unidad | D281: 0 | E281: 0 | F281: 0 | G281: 0 | H281: 384 | I281: 0 | J281: 384
A282: Impreso por: | B282: MARIANELA | C282: 46205 | D282: 36494.693 | E282: Hoja Nro: | F282: 1 | G282: de | H282: 1

Sheet Stock Chef
A1: Cód.Artículo | B1: Descripción | D1: Med. | F1: Stock | G1: Pedido | H1: Pedido Kit/Cbo | J1: Stock | K1: Compras | L1: Cpras Kit/Cbo | M1: Stock
D2: 1 | G2: División Unica
A3: 031L | B3: FILTRO DE CAFE | D3: unidad | F3: 0 | G3: 96 | H3: 0 | J3: -96 | K3: 0 | L3: 0 | M3: -96
A4: 034L | B4: FILTRO DE CAFE GASTRONOMICO | D4: unidad | F4: 0 | G4: 96 | H4: 0 | J4: -96 | K4: 0 | L4: 0 | M4: -96
A5: 035E | B5: Cernidor de Harina Ac. Inox | D5: unidad | F5: 72 | G5: 0 | H5: 0 | J5: 72 | K5: 0 | L5: 0 | M5: 72
A6: 035EL | B6: Cernidor Harina Ac. Inox. | D6: unidad | F6: 0 | G6: 24 | H6: 0 | J6: -24 | K6: 0 | L6: 0 | M6: -24
A7: 043 | B7: TRES EN UNO | D7: unidad | F7: 816 | G7: 24 | H7: 0 | J7: 792 | K7: 456 | L7: 0 | M7: 1248
A8: 052 | B8: LAVAVAJILLA C/MGO.ARTE | D8: unidad | F8: 586 | G8: 0 | H8: 0 | J8: 586 | K8: 0 | L8: 0 | M8: 586
A9: 053 | B9: PINZA DE FIAMBRE x 12 | D9: unidad | F9: 48 | G9: 12 | H9: 0 | J9: 36 | K9: 0 | L9: 0 | M9: 36
A10: 054 | B10: PINZA DE ENSALADAS x 12 | D10: unidad | F10: 1272 | G10: 36 | H10: 0 | J10: 1236 | K10: 0 | L10: 0 | M10: 1236
A11: 055 | B11: PINZA DE FIDEOS x 12 | D11: unidad | F11: 252 | G11: 132 | H11: 0 | J11: 120 | K11: 24 | L11: 0 | M11: 144
A12: 056 | B12: DESCAROZADOR DE ACEITUNAS | D12: unidad | F12: 0 | G12: 0 | H12: 0 | J12: 0 | K12: 120 | L12: 0 | M12: 120
A13: 058L | B13: CIERRA BOLSA X 2 | D13: unidad | F13: 0 | G13: 24 | H13: 0 | J13: -24 | K13: 0 | L13: 0 | M13: -24
A14: 059L | B14: CUCHILLITO DE UNTAR PLAST X 2 | D14: unidad | F14: 0 | G14: 24 | H14: 0 | J14: -24 | K14: 0 | L14: 0 | M14: -24
... A240: 971EL | B240: Espatula Silicona Mgo Plastico | D240: unidad | F240: 948 | G240: 0 | H240: 0 | J240: 948 | K240: 0 | L240: 0 | M240: 948
A241: Impreso por: | B241: MARIANELA | C241: 46205 | D241: 36494.694 | K241: Hoja Nro: | L241: 1 | M241: de | N241: 1
